actual_intent,predicted_intent,count
percent_increase,percentage,55
trigonometry,percentage,55
unit_conversion,trigonometry,40
equation,addition,35
generic_expression,multiplication,24
generic_expression,power,16
generic_expression,square_root,13
generic_expression,logarithm,11
factorial,power,10
factorial,trigonometry,10
equation,statistics,8
generic_expression,trigonometry,6
generic_expression,addition,5
trigonometry,addition,2
generic_expression,subtraction,2
equation,factorial,1
statistics,subtraction,1
trigonometry,factorial,1
