,precision,recall,f1-score,support
addition,0.8561643835616438,1.0,0.922509225092251,250.0
cagr,1.0,1.0,1.0,250.0
compound_interest,1.0,1.0,1.0,250.0
division,1.0,1.0,1.0,250.0
emi,1.0,1.0,1.0,250.0
equation,1.0,0.824,0.9035087719298246,250.0
factorial,0.9913793103448276,0.92,0.9543568464730291,250.0
generic_expression,1.0,0.692,0.817966903073286,250.0
logarithm,0.9578544061302682,1.0,0.9784735812133072,250.0
multiplication,0.9124087591240876,1.0,0.9541984732824428,250.0
percent_decrease,1.0,1.0,1.0,250.0
percent_increase,1.0,0.78,0.8764044943820225,250.0
percentage,0.6944444444444444,1.0,0.819672131147541,250.0
power,0.9057971014492754,1.0,0.9505703422053232,250.0
simple_interest,1.0,1.0,1.0,250.0
square_root,0.9505703422053232,1.0,0.9746588693957114,250.0
statistics,0.9688715953307393,0.996,0.9822485207100592,250.0
subtraction,0.9881422924901185,1.0,0.9940357852882704,250.0
trigonometry,0.7741935483870968,0.768,0.7710843373493976,250.0
unit_conversion,1.0,0.84,0.9130434782608695,250.0
accuracy,0.941,0.941,0.941,0.941
macro avg,0.9499913091733913,0.9410000000000001,0.9406365879901669,5000.0
weighted avg,0.9499913091733914,0.941,0.9406365879901668,5000.0
