,addition,cagr,compound_interest,division,emi,equation,factorial,generic_expression,logarithm,multiplication,percent_decrease,percent_increase,percentage,power,simple_interest,square_root,statistics,subtraction,trigonometry,unit_conversion
addition,10000,0,0,0,0,0,0,0,0,0,0,0,0,0,0,0,0,0,0,0
cagr,0,10000,0,0,0,0,0,0,0,0,0,0,0,0,0,0,0,0,0,0
compound_interest,0,0,10000,0,0,0,0,0,0,0,0,0,0,0,0,0,0,0,0,0
division,0,0,0,10000,0,0,0,0,0,0,0,0,0,0,0,0,0,0,0,0
emi,0,0,0,0,10000,0,0,0,0,0,0,0,0,0,0,0,0,0,0,0
equation,0,0,0,0,0,10000,0,0,0,0,0,0,0,0,0,0,0,0,0,0
factorial,0,0,0,0,0,0,10000,0,0,0,0,0,0,0,0,0,0,0,0,0
generic_expression,0,0,0,0,0,0,0,10000,0,0,0,0,0,0,0,0,0,0,0,0
logarithm,0,0,0,0,0,0,0,0,10000,0,0,0,0,0,0,0,0,0,0,0
multiplication,0,0,0,0,0,0,0,0,0,10000,0,0,0,0,0,0,0,0,0,0
percent_decrease,0,0,0,0,0,0,0,0,0,0,10000,0,0,0,0,0,0,0,0,0
percent_increase,0,0,0,0,0,0,0,0,0,0,0,10000,0,0,0,0,0,0,0,0
percentage,0,0,0,0,0,0,0,0,0,0,0,0,10000,0,0,0,0,0,0,0
power,0,0,0,0,0,0,0,0,0,0,0,0,0,10000,0,0,0,0,0,0
simple_interest,0,0,0,0,0,0,0,0,0,0,0,0,0,0,10000,0,0,0,0,0
square_root,0,0,0,0,0,0,0,0,0,0,0,0,0,0,0,10000,0,0,0,0
statistics,0,0,0,0,0,0,0,0,0,0,0,0,0,0,0,0,10000,0,0,0
subtraction,0,0,0,0,0,0,0,0,0,0,0,0,0,0,0,0,0,10000,0,0
trigonometry,0,0,0,0,0,0,0,0,0,0,0,0,0,0,0,0,0,0,10000,0
unit_conversion,0,0,0,0,0,0,0,0,0,0,0,0,0,0,0,0,0,0,0,10000
